{"dataset_name": "rgfe-8y2z", "columns": [{"column_name": "Record Number", "number_non_empty_cells": 16171, "number_empty_cells": 0, "number_distinct_values": 16171, "frequent_values": ["12086", "14354", "12150", "12590", "15591"], "data_types": {"type": "INTEGER", "count": 16171, "min_value": 1, "max_value": 16170, "mean": 8085.499999999999, "stddev": 4667.876917471873}}, {"column_name": "BBL", "number_non_empty_cells": 16014, "number_empty_cells": 157, "number_distinct_values": 14908, "frequent_values": ["", "2147483647", "4070210001", "1019730001", "2039447501"], "data_types": {"type": "INTEGER", "count": 16171, "min_value": 1000010010, "max_value": 5079910100, "mean": 2240853668.443622, "stddev": 1234630283.9908354}}, {"column_name": "Co-reported BBL Status", "number_non_empty_cells": 912, "number_empty_cells": 15259, "number_distinct_values": 3, "frequent_values": ["", "Secondary", "Primary"], "data_types": {"type": "TEXT", "count": 16171, "shortest_values": ["", "Primary", "Secondary"], "longest_values": ["Secondary", "Primary", ""], "average_length": 0.4760373508131841}}, {"column_name": "BBLs Co-reported", "number_non_empty_cells": 13791, "number_empty_cells": 2380, "number_distinct_values": 12037, "frequent_values": ["", "Not Available", "2-14748-3647", "4070210001", "1019730001"], "data_types": {"type": "TEXT", "count": 16171, "shortest_values": ["", "113041", "1014169", "5790 / 1", "100247001"], "longest_values": ["1-00897-7501;1-00897-1001;1-00897-1002;1-00897-1003;1-00897-1004;1-00897-1005;1-00897-1006;1-00897-1007;1-00897-1008;1-00897-1009;1-00897-10101-00897-1011;1-00897-1012;1-00897-1013;1-00897-1014;1-00897-1015;1-00897-1016;1-00897-1017;1-00897-1018;1-00897-1019;1-00897-1020;1-00897-10211-00897-1022;1-00897-1023;1-00897-1024;1-00897-1025;1-00897-1026;1-00897-1027;1-00897-1028;1-00897-1029;1-00897-1030;1-00897-1031;1-00897-1032;1-00897-1033;1-00897-1034;1-00897-1035;1-00897-1036;", "1020070043;1020070045;1020090044;1020090063;1020090064;1020110001;1020110011;1020110013;1020110014;1020110015;1020110022;1020110031;1020110033;1020110061;1020110063;1020120001;1020120003;1020120006;1020120008;1020120011;1020120014;1020120015;1020120018;1020120020;1020120025;1020120052;1020120056;1020120058;1020120061;1020120063;1020120064;1020130014;1020130016;1020130018;1020130022;1020130024;1020130026;1020150005", "1-00897-7501;1-00897-1001;1-00897-1002;1-00897-1003;1-00897-1004;1-00897-1005;1-00897-1006;1-00897-1007;1-00897-1008;1-00897-1009;1-00897-10101-00897-1011;1-00897-1012;1-00897-1013;1-00897-1014;1-00897-1015;1-00897-1016;1-00897-1017;1-00897-1018;1-00897-1", "1020070043;1020070045;1020090044;1020090063;1020090064;1020110001;1020110011;1020110013;1020110014;1020110015;1020110022;1020110031;1020110033;1020110061;1020110063;1020120001;1020120003;1020120006;1020120008;1020120011;1020120014;1020120015;1020120018;10", "3013300007;3013300008;3013300009;3013300010;3013300011;3013300012;3048180025;3048180026;3048180027;3048180028;3048180029;3048180030;3048180031;3048180033;3048180133;3048180134;3048180135;3048180136"], "average_length": 12.949724816028693}}, {"column_name": "Reported NYC Building Identificaiton Numbers (BINs)", "number_non_empty_cells": 13790, "number_empty_cells": 2381, "number_distinct_values": 12041, "frequent_values": ["", "Not Available", "4439412", "1060038;1060039;1060069;1060081;1060082;1060101;1060103;1060105;1060106;1060107;1060111;1060116;1060117;1060126;1060127;1060128;1060129;1060130;1060131;1060132;1060133;1060134;1060136;1060137;1060150;1060152;1060154;1060155;1060156;1060157;1060163;1060164;1060165;1060167;1060168;1060169;1079765;1079766;1079767;1079768;1085366;1085367", "1019536"], "data_types": {"type": "INTEGER", "count": 16171, "min_value": 339984, "max_value": 3328372332837030000000000000000000000000000000000, "mean": 3.080685239575199e+44, "stddev": 3.2019866419813287e+46}}, {"column_name": "Street Number", "number_non_empty_cells": 14466, "number_empty_cells": 1705, "number_distinct_values": 4657, "frequent_values": ["", "1", "100", "10", "2"], "data_types": {"type": "INTEGER", "count": 16171, "min_value": 1, "max_value": 76179, "mean": 1004.1899175380399, "stddev": 1547.124075233682}}, {"column_name": "Street Name", "number_non_empty_cells": 14466, "number_empty_cells": 1705, "number_distinct_values": 2543, "frequent_values": ["", "BROADWAY", "5 AVENUE", "PARK AVENUE", "3 AVENUE"], "data_types": {"type": "TEXT", "count": 16171, "shortest_values": ["", "N/A", "39.4", "PIER", "BOWERY"], "longest_values": ["   1 AVENUE         ", "   2 AVENUE         ", "   3 AVENUE         ", "   4 AVENUE         ", "   5 AVENUE         "], "average_length": 12.356029684601113}}, {"column_name": "Borough", "number_non_empty_cells": 16170, "number_empty_cells": 1, "number_distinct_values": 7, "frequent_values": ["Manhattan", "Brooklyn", "Queens", "Bronx", "Staten Island"], "data_types": {"type": "TEXT", "count": 16171, "shortest_values": ["39.7", "Bronx", "Queens", "Brooklyn", "Manhattan"], "longest_values": ["Staten Island", "Manhattan", "Brooklyn", "Queens", "Bronx"], "average_length": 7.6925788497217065}}, {"column_name": "Postcode", "number_non_empty_cells": 14433, "number_empty_cells": 1738, "number_distinct_values": 191, "frequent_values": ["", "10025", "10022", "10001", "10016"], "data_types": {"type": "REAL", "count": 16171, "min_value": 123.8, "max_value": 11697.0, "mean": 10595.093729647348, "stddev": 581.1989240638213}}, {"column_name": "DOF Benchmarking Submission Status", "number_non_empty_cells": 16170, "number_empty_cells": 1, "number_distinct_values": 7, "frequent_values": ["Filed", "No Submission Matched to BBL", "Not on Covered Buildings List", "BBL not valid", "No BBL on submission"], "data_types": {"type": "TEXT", "count": 16171, "shortest_values": ["124.7", "Filed", "BBL not valid", "No BBL on submission", "No Submission Matched to BBL"], "longest_values": ["Not on Covered Buildings List", "No Submission Matched to BBL", "No BBL on submission", "BBL not valid", "124.7"], "average_length": 10.6573902288188}}, {"column_name": "Site EUI(kBtu/ft2)", "number_non_empty_cells": 12204, "number_empty_cells": 3967, "number_distinct_values": 2171, "frequent_values": ["", "See Primary BBL", "140", "71.6", "75.8"], "data_types": {"type": "REAL", "count": 16171, "min_value": 0.0, "max_value": 28226010.0, "mean": 3107.449657860544, "stddev": 264210.91917809827}}, {"column_name": "Weather Normalized Site EUI(kBtu/ft2)", "number_non_empty_cells": 13790, "number_empty_cells": 2381, "number_distinct_values": 2030, "frequent_values": ["Not Available", "", "See Primary BBL", "140", "77.1"], "data_types": {"type": "REAL", "count": 16171, "min_value": 0.0, "max_value": 28226010.0, "mean": 3606.001425952328, "stddev": 286501.8745997825}}, {"column_name": "Source EUI(kBtu/ft2)", "number_non_empty_cells": 12204, "number_empty_cells": 3967, "number_distinct_values": 3104, "frequent_values": ["", "See Primary BBL", "218.6", "229.6", "134.2"], "data_types": {"type": "REAL", "count": 16171, "min_value": 0.0, "max_value": 33957080.0, "mean": 3809.525738542844, "stddev": 317890.3732484984}}, {"column_name": "Weather Normalized Source EUI(kBtu/ft2)", "number_non_empty_cells": 13790, "number_empty_cells": 2381, "number_distinct_values": 2891, "frequent_values": ["Not Available", "", "See Primary BBL", "218.6", "107.6"], "data_types": {"type": "REAL", "count": 16171, "min_value": 0.0, "max_value": 33957080.0, "mean": 4360.047431716268, "stddev": 344776.2907653774}}, {"column_name": "Municipally Supplied Potable Water - Indoor Intensity (gal/ft\u00b2)", "number_non_empty_cells": 13790, "number_empty_cells": 2381, "number_distinct_values": 3079, "frequent_values": ["Not Available", "", "See Primary BBL", "0", "47.03"], "data_types": {"type": "TEXT", "count": 16171, "shortest_values": ["", "0", "1", "2", "3"], "longest_values": ["See Primary BBL", "Not Available", "11559.13", "11677.02", "11739.15"],