{"dataset_name": "jzst-u7j8", "columns": [{"column_name": "Record Number", "number_non_empty_cells": 13974, "number_empty_cells": 0, "number_distinct_values": 11320, "frequent_values": ["#N/A", "2830937", "2831180", "3128782", "2802762"], "data_types": {"type": "INTEGER", "count": 13974, "min_value": 7365, "max_value": 4495856, "mean": 3215712.7786343633, "stddev": 681701.0011222607}}, {"column_name": "BBL", "number_non_empty_cells": 13974, "number_empty_cells": 0, "number_distinct_values": 13933, "frequent_values": ["4041430001", "1010060013", "1008110001", "1018360001", "3044310070"], "data_types": {"type": "INTEGER", "count": 13974, "min_value": 1000010010, "max_value": 5080080014, "mean": 2211436437.788038, "stddev": 1225220081.5125983}}, {"column_name": "Co-reported BBL Status", "number_non_empty_cells": 668, "number_empty_cells": 13306, "number_distinct_values": 3, "frequent_values": ["", "Secondary", "Primary"], "data_types": {"type": "TEXT", "count": 13974, "shortest_values": ["", "Primary", "Secondary"], "longest_values": ["Secondary", "Primary", ""], "average_length": 0.40374982109632174}}, {"column_name": "BBLs Co-reported", "number_non_empty_cells": 668, "number_empty_cells": 13306, "number_distinct_values": 185, "frequent_values": ["", "3017940054;3017940119;3017940121;3017940139;3018020044;3018020051;3018030011;3018030027;3018030042;3018080161;3018080174;3017940011;3017940112;3017940113;3017940114;3017940115;3017940116;3017940117;3017940118;3017940120;3018020043;3018030112;3018030113;3018030114;3018030115;3018030116;3018030117;3018030118;3018030119;3018030120;3018030121;3018030122;3018030123;3018030124;3018080059;3018080160;3018080162;3018080163;3018080164;3018080165;3018080166;3018080167;3018080168;3018080169;3018080170;3018080171;3018080172;3018080173", "1020070043;1020070045;1020090044;1020090063;1020090064;1020110001;1020110011;1020110013;1020110014;1020110015;1020110022;1020110031;1020110033;1020110061;1020110063;1020120001;1020120003;1020120006;1020120008;1020120011;1020120014;1020120015;1020120018;1020120020;1020120025;1020120052;1020120056;1020120058;1020120061;1020120063;1020120064;1020130014;1020130016;1020130018;1020130022;1020130024;1020130026;1020150005", "1-00897-7501;1-00897-1001;1-00897-1002;1-00897-1003;1-00897-1004;1-00897-1005;1-00897-1006;1-00897-1007;1-00897-1008;1-00897-1009;1-00897-10101-00897-1011;1-00897-1012;1-00897-1013;1-00897-1014;1-00897-1015;1-00897-1016;1-00897-1017;1-00897-1018;1-00897-1019;1-00897-1020;1-00897-10211-00897-1022;1-00897-1023;1-00897-1024;1-00897-1025;1-00897-1026;1-00897-1027;1-00897-1028;1-00897-1029;1-00897-1030;1-00897-1031;1-00897-1032;1-00897-1033;1-00897-1034;1-00897-1035;1-00897-1036;", "3044350050;3044350001;3044520085;3044520001;3044520020;3044520200;3044350050;3044520105;3044520010"], "data_types": {"type": "TEXT", "count": 13974, "shortest_values": ["", "1002560001;1002580001", "1003470080;1003510001", "1003950009;1003950022", "1009080017;1009080027"], "longest_values": ["3017940054;3017940119;3017940121;3017940139;3018020044;3018020051;3018030011;3018030027;3018030042;3018080161;3018080174;3017940011;3017940112;3017940113;3017940114;3017940115;3017940116;3017940117;3017940118;3017940120;3018020043;3018030112;3018030113;3018030114;3018030115;3018030116;3018030117;3018030118;3018030119;3018030120;3018030121;3018030122;3018030123;3018030124;3018080059;3018080160;3018080162;3018080163;3018080164;3018080165;3018080166;3018080167;3018080168;3018080169;3018080170;3018080171;3018080172;3018080173", "1-00897-7501;1-00897-1001;1-00897-1002;1-00897-1003;1-00897-1004;1-00897-1005;1-00897-1006;1-00897-1007;1-00897-1008;1-00897-1009;1-00897-10101-00897-1011;1-00897-1012;1-00897-1013;1-00897-1014;1-00897-1015;1-00897-1016;1-00897-1017;1-00897-1018;1-00897-1019;1-00897-1020;1-00897-10211-00897-1022;1-00897-1023;1-00897-1024;1-00897-1025;1-00897-1026;1-00897-1027;1-00897-1028;1-00897-1029;1-00897-1030;1-00897-1031;1-00897-1032;1-00897-1033;1-00897-1034;1-00897-1035;1-00897-1036;", "1020070043;1020070045;1020090044;1020090063;1020090064;1020110001;1020110011;1020110013;1020110014;1020110015;1020110022;1020110031;1020110033;1020110061;1020110063;1020120001;1020120003;1020120006;1020120008;1020120011;1020120014;1020120015;1020120018;1020120020;1020120025;1020120052;1020120056;1020120058;1020120061;1020120063;1020120064;1020130014;1020130016;1020130018;1020130022;1020130024;1020130026;1020150005", "3030800010;3030800020;3030800040;3030800050;3030800070;3030890134;3030960001;3030960030;3031050001;3031050109;3030960014", "3044350050;3044350001;3044520085;3044520001;3044520020;3044520200;3044350050;3044520105;3044520010"], "average_length": 5.8764849005295545}}, {"column_name": "Reported NYC Building Identification Numbers (BINs)", "number_non_empty_cells": 11504, "number_empty_cells": 2470, "number_distinct_values": 11080, "frequent_values": ["", "Not Available", "0", "1040072", "4445984"], "data_types": {"type": "INTEGER", "count": 13974, "min_value": 0, "max_value": 4050057501, "mean": 2514396.7192526776, "stddev": 40481032.95433275}}, {"column_name": "Street Number", "number_non_empty_cells": 13634, "number_empty_cells": 340, "number_distinct_values": 4645, "frequent_values": ["", "1", "100", "2", "10"], "data_types": {"type": "INTEGER", "count": 13974, "min_value": 1, "max_value": 1811879, "mean": 1168.424931190627, "stddev": 17133.50953432033}}, {"column_name": "Street Name", "number_non_empty_cells": 13678, "number_empty_cells": 296, "number_distinct_values": 2311, "frequent_values": ["BROADWAY            ", "", "   5 AVENUE         ", "PARK AVENUE         ", "   3 AVENUE         "], "data_types": {"type": "TEXT", "count": 13974, "shortest_values": ["", "1811880,", "                    ", "       WASHINGTON ST", "   1 AVENUE         "], "longest_values": ["                    ", "       WASHINGTON ST", "   1 AVENUE         ", "   1 STREET         ", "   2 AVENUE         "], "average_length": 19.57549735222556}}, {"column_name": "Borough", "number_non_empty_cells": 13974, "number_empty_cells": 0, "number_distinct_values": 10, "frequent_values": ["MANHATTAN", "QUEENS", "BROOKLYN            ", "BRONX               ", "BROOKLYN"], "data_types": {"type": "TEXT", "count": 13974, "shortest_values": ["BRONX", "QUEENS", "1811881,", "BROOKLYN", "MANHATTAN"], "longest_values": ["BRONX               ", "BROOKLYN            ", "QUEENS              ", "STATEN ISLAND       ", "STATEN ISLAND"], "average_length": 11.93960211821955}}, {"column_name": "Postcode", "number_non_empty_cells": 11614, "number_empty_cells": 2360, "number_distinct_values": 189, "frequent_values": ["", "10022", "10025", "10016", "10019"], "data_types": {"type": "INTEGER", "count": 13974, "min_value": 10001, "max_value": 1811882, "mean": 10725.090322025193, "stddev": 16723.664904977984}}, {"column_name": "BBL on the Covered Buildings List", "number_non_empty_cells": 13974, "number_empty_cells": 0, "number_distinct_values": 3, "frequent_values": ["Yes", "No", "1811883,"], "data_types": {"type": "TEXT", "count": 13974, "shortest_values": ["No", "Yes", "1811883,"], "longest_values": ["1811883,", "Yes", "No"], "average_length": 2.9792471733218835}}, {"column_name": "DOF Benchmarking Submission Status", "number_non_empty_cells": 13974, "number_empty_cells": 0, "number_distinct_values": 4, "frequent_values": ["In Compliance ", "In Violation ", "Not Applicable", "1811884,"], "data_types": {"type": "TEXT", "count": 13974, "shortest_values": ["1811884,", "In Violation ", "In Compliance ", "Not Applicable"], "longest_values": ["In Compliance ", "Not Applicable", "In Violation ", "1811884,"], "average_length": 13.852297123228853}}, {"column_name": "Site EUI(kBtu/ft2)", "number_non_empty_cells": 10610, "number_empty_cells": 3364, "number_distinct_values": 1995, "frequent_values": ["", "0", "88", "89.3", "82.4"], "data_types": {"type": "REAL", "count": 13974, "min_value": 0.0, "max_value": 10804120.0, "mean": 2513.8907822808683,